{
  "M1": {
    "definition": "C0 floor distance/yaw sensitivity",
    "n": 30,
    "trend": {
      "slope": -0.09401464052724587,
      "intercept": 24.978348288745664,
      "r": -0.05736274922277541,
      "p": 0.7633486841782926,
      "n": 30
    },
    "variance_decomp": {
      "n": 30,
      "distance_group_var": 0.05763991688281151,
      "yaw_group_var": 0.022595997331414992,
      "dominant": "distance"
    },
    "status": "SUPPORTED"
  },
  "M2": {
    "definition": "Fraction inside/outside floor uncertainty band",
    "inside_ratio": 0.05567010309278351,
    "outside_ratio": 0.9443298969072165,
    "status": "SUPPORTED"
  },
  "G1": {
    "definition": "A2 odd-bounce increases cross dominance vs C0",
    "delta_median_db": -32.934837404558046,
    "ks_wasserstein": {
      "ks_stat": 1.0,
      "ks_p": 2.7360391205685455e-13,
      "wasserstein": 32.93925328231725
    },
    "status": "SUPPORTED"
  },
  "G2": {
    "definition": "A6 near-normal parity benchmark as primary G2 evidence; A3 kept as mechanism-only supplementary evidence.",
    "primary_source": "A6_near_normal_benchmark",
    "primary_status": "PASS",
    "A6_hit_rate_odd": 1.0,
    "A6_hit_rate_even": 1.0,
    "A6_n_eval_total": 18,
    "A3_delta_median_db_supplementary": 7.999999707790597,
    "A3_ks_wasserstein_supplementary": {
      "ks_stat": 0.75,
      "ks_p": 3.914609188476457e-06,
      "wasserstein": 8.66666630234144
    },
    "status": "SUPPORTED"
  },
  "L1": {
    "definition": "Early/Late leakage separation via XPD_early_ex/XPD_late_ex/L_pol",
    "median_early_ex_db": -30.842421676989762,
    "median_late_ex_db": -22.681312850808222,
    "median_lpol_db": -7.999999589782957,
    "status": "SUPPORTED"
  },
  "L2": {
    "definition": "A5 stress impact on center/tails (response-mode requires geometric path perturbation)",
    "base": {
      "n": 30,
      "mean": -19.032027097874245,
      "std": 0.6584136378266066,
      "p5": -19.940151240653133,
      "p10": -19.69815300994449,
      "p90": -18.169538582237376,
      "p95": -17.985773124176053
    },
    "stress": {
      "n": 30,
      "mean": -25.05446358747018,
      "std": 1.232900081263948,
      "p5": -27.17300937281377,
      "p10": -26.86748119410372,
      "p90": -23.976145634559987,
      "p95": -23.648862808698272
    },
    "delta_mean_db": -6.022436489595936,
    "var_ratio": 1.872531202928443,
    "stress_semantics": {
      "n_a5_rows": 60,
      "n_stress_rows": 30,
      "n_response": 30,
      "n_polarization_only": 0,
      "n_off": 0,
      "n_unknown": 0,
      "dominant_semantics": "response",
      "contamination_response_ready": true
    },
    "status": "SUPPORTED"
  },
  "L3": {
    "definition": "Correlation between leakage excess and -EL_proxy",
    "spearman": {
      "rho": 0.20297594646113906,
      "p": 2.4856385197225615e-05,
      "ci_lo": 0.11124148309080256,
      "ci_hi": 0.2931885855674576,
      "n": 425
    },
    "status": "PARTIAL"
  },
  "R1": {
    "definition": "Room-space LOS/NLOS and heatmap consistency",
    "n_b_rows": 249,
    "n_los": 188,
    "n_nlos": 61,
    "ks_wasserstein": {
      "ks_stat": 0.6994832501781896,
      "ks_p": 3.534351887250662e-22,
      "wasserstein": 6.233479134680779
    },
    "status": "SUPPORTED"
  },
  "R2": {
    "definition": "DS/early-fraction relation with leakage",
    "spearman_ds_vs_xpd": {
      "rho": -0.2424733051464708,
      "p": 0.0001438154449761836,
      "ci_lo": -0.3652630637438067,
      "ci_hi": -0.11453872045438718,
      "n": 241
    },
    "status": "SUPPORTED"
  },
  "P1": {
    "definition": "Two-stage model (EL first, then mechanism effects) vs constant baseline",
    "cv_two_stage": {
      "n_stage1": 348,
      "n_stage2": 425,
      "b1_el": -0.18580768177174034,
      "rmse_const": 4.58542143315577,
      "rmse_lin": 3.0942178470671813,
      "nll_const": 2.939147110546196,
      "nll_lin": 2.5469908050539924
    },
    "cv_one_shot_reference": {
      "n": 425,
      "rmse_const": 4.75513693700746,
      "rmse_lin": 3.792720898627111,
      "nll_const": 2.9759668824322425,
      "nll_lin": 2.7485445140646427
    },
    "status": "SUPPORTED"
  },
  "P2": {
    "definition": "Stage-1 EL coefficient sign stability under subsampling",
    "subset": [
      "A3",
      "A4",
      "B1",
      "B2",
      "B3"
    ],
    "stability": {
      "n": 348,
      "base_sign": -1.0,
      "sign_keep_rate": 1.0
    },
    "status": "SUPPORTED"
  }
}