W_target_s,expected_sign,expected_sign_hit_rate,expected_sign_hit_rate_ex,expected_sign_hit_rate_raw,median_xpd_target_ex_db,median_xpd_target_raw_db,n_eval,n_links,p10_xpd_target_ex_db,p10_xpd_target_raw_db,p90_xpd_target_ex_db,p90_xpd_target_raw_db,scenario,sign_metric_for_status,status,target_n
3.0000000000000004e-09,negative,1.0,1.0,1.0,-33.06286481744288,-8.0,4,4,-33.06286481744288,-8.0,-33.06286481744288,-8.0,A2,excess,PASS,1
6.000000000000001e-09,positive,0.6666666666666666,0.0,0.6666666666666666,-17.06286481744288,8.0,12,12,-25.49457248101578,-0.43170766357290297,-17.06286481744288,8.0,A3,raw,WARN,2
3.0000000000000004e-09,negative,1.0,1.0,1.0,-33.06286481744288,-8.0,50,100,-33.06286481744288,-8.0,-33.06286481744288,-8.0,A6,raw,PASS,1
3.0000000000000004e-09,positive,1.0,0.0,1.0,-17.06286481744288,8.0,50,100,-17.06286481744288,8.0,-17.06286481744288,8.000000000000002,A6,raw,PASS,2
