{
  "xpd_floor_db": 24.934837698993658,
  "delta_floor_db": 0.6107424337365455,
  "p5_db": 24.371677569273995,
  "p95_db": 25.593162436747086,
  "count": 30,
  "method": "p5_p95"
}