{
  "xpd_floor_db": 25.052449766174778,
  "delta_floor_db": 0.7239192671246997,
  "p5_db": 24.342987841000028,
  "p95_db": 25.790826375249427,
  "count": 125,
  "method": "p5_p95"
}