{
  "matrix_source": "A",
  "num_paths_rt": 33,
  "num_samples_rt": 33,
  "subbands": [
    [
      0,
      16
    ],
    [
      16,
      32
    ],
    [
      32,
      48
    ],
    [
      48,
      64
    ]
  ],
  "subband_centers_hz": [
    6476190476.190476,
    7492063492.063492,
    8507936507.936507,
    9523809523.809523
  ],
  "condition_fits": {
    "parity": {
      "even": {
        "mu": 22.05748820028419,
        "sigma": 10.181539500065615,
        "n": 15
      },
      "odd": {
        "mu": 31.24278370552523,
        "sigma": 2.8257606014163343,
        "n": 18
      }
    },
    "bounce_count": {
      "0": {
        "mu": 28.982139089021477,
        "sigma": 4.991786400005608e-06,
        "n": 6
      },
      "1": {
        "mu": 31.24278370552523,
        "sigma": 2.8257606014163343,
        "n": 18
      },
      "2": {
        "mu": 17.441054274459333,
        "sigma": 11.021482165358497,
        "n": 9
      }
    },
    "material": {
      "NA": {
        "mu": 24.654231269714472,
        "sigma": 8.650246126242136,
        "n": 24
      },
      "glass": {
        "mu": 35.70955251445628,
        "sigma": 2.2809869812149737,
        "n": 3
      },
      "wood": {
        "mu": 32.024986457454766,
        "sigma": 1.521591488654668,
        "n": 3
      },
      "gypsum": {
        "mu": 32.77575410494553,
        "sigma": 1.7278715758428427,
        "n": 3
      }
    },
    "incidence_angle_bin": {
      "NA": {
        "mu": 28.982139089021477,
        "sigma": 4.991786400005608e-06,
        "n": 6
      },
      "[40,60)": {
        "mu": 25.417151859199556,
        "sigma": 10.556810753885271,
        "n": 20
      },
      "[60,90)": {
        "mu": 30.33573650221472,
        "sigma": 1.7681853992361831,
        "n": 6
      },
      "[20,40)": {
        "mu": 28.982138972308697,
        "sigma": 0.0,
        "n": 1
      }
    },
    "surface_id_pattern": {
      "none": {
        "mu": 28.982139089021477,
        "sigma": 4.991786400005608e-06,
        "n": 6
      },
      "1": {
        "mu": 31.24278370552523,
        "sigma": 2.8257606014163343,
        "n": 18
      },
      "2-1": {
        "mu": 15.998418935388056,
        "sigma": 10.836040321998478,
        "n": 8
      },
      "1-2": {
        "mu": 28.98213698702955,
        "sigma": 0.0,
        "n": 1
      }
    }
  },
  "frequency_slope_models": {
    "parity": {
      "even": {
        "mu0_db": 22.057487704501373,
        "mu1_db_per_hz": -1.5373415888900277e-15,
        "fc_hz": 8000000000.0,
        "num_points": 4,
        "subband_centers_hz": [
          6476190476.190476,
          7492063492.063492,
          8507936507.936507,
          9523809523.809523
        ],
        "subband_mu_db": [
          22.057489947959215,
          22.057488584531214,
          22.057487022787257,
          22.05748526272777
        ]
      },
      "odd": {
        "mu0_db": 31.242771489734412,
        "mu1_db_per_hz": -3.7880648078447644e-14,
        "fc_hz": 8000000000.0,
        "num_points": 4,
        "subband_centers_hz": [
          6476190476.190476,
          7492063492.063492,
          8507936507.936507,
          9523809523.809523
        ],
        "subband_mu_db": [
          31.2428267697462,
          31.242793173612338,
          31.242754691584082,
          31.242711323994968
        ]
      }
    },
    "material": {
      "NA": {
        "mu0_db": 24.65423063710801,
        "mu1_db_per_hz": -1.9616095139481278e-15,
        "fc_hz": 8000000000.0,
        "num_points": 4,
        "subband_centers_hz": [
          6476190476.190476,
          7492063492.063492,
          8507936507.936507,
          9523809523.809523
        ],
        "subband_mu_db": [
          24.654233499704276,
          24.654231760004095,
          24.654229767257764,
          24.654227521465838
        ]
      },
      "glass": {
        "mu0_db": 35.709531562795604,
        "mu1_db_per_hz": -6.496991764003445e-14,
        "fc_hz": 8000000000.0,
        "num_points": 4,
        "subband_centers_hz": [
          6476190476.190476,
          7492063492.063492,
          8507936507.936507,
          9523809523.809523
        ],
        "subband_mu_db": [
          35.709626374657624,
          35.7095687533567,
          35.709502752018075,
          35.70942837114996
        ]
      },
      "wood": {
        "mu0_db": 32.024959415478115,
        "mu1_db_per_hz": -8.385666382074713e-14,
        "fc_hz": 8000000000.0,
        "num_points": 4,
        "subband_centers_hz": [
          6476190476.190476,
          7492063492.063492,
          8507936507.936507,
          9523809523.809523
        ],
        "subband_mu_db": [
          32.02508178941583,
          32.02500741707224,
          32.02492222908646,
          32.02482622633787
        ]
      },
      "gypsum": {
        "mu0_db": 32.77573138577561,
        "mu1_db_per_hz": -7.045113885720022e-14,
        "fc_hz": 8000000000.0,
        "num_points": 4,
        "subband_centers_hz": [
          6476190476.190476,
          7492063492.063492,
          8507936507.936507,
          9523809523.809523
        ],
        "subband_mu_db": [
          32.77583419656566,
          32.775771713868416,
          32.77570014427415,
          32.775619488394106
        ]
      }
    }
  },
  "parity_probs": {
    "odd": 0.5454545454545454,
    "even": 0.45454545454545453
  }
}