{
  "matrix_source": "J",
  "num_paths_rt": 33,
  "num_samples_rt": 33,
  "subbands": [
    [
      0,
      16
    ],
    [
      16,
      32
    ],
    [
      32,
      48
    ],
    [
      48,
      64
    ]
  ],
  "subband_centers_hz": [
    6476190476.190476,
    7492063492.063492,
    8507936507.936507,
    9523809523.809523
  ],
  "condition_fits": {
    "parity": {
      "even": {
        "mu": 84.7492860047525,
        "sigma": 56.01027882166759,
        "n": 15
      },
      "odd": {
        "mu": 118.40040869767898,
        "sigma": 4.984803277975996,
        "n": 18
      }
    },
    "bounce_count": {
      "0": {
        "mu": 123.00595918184662,
        "sigma": 0.0,
        "n": 6
      },
      "1": {
        "mu": 118.40040869767898,
        "sigma": 4.984803277975996,
        "n": 18
      },
      "2": {
        "mu": 59.244837220023065,
        "sigma": 60.502467145711606,
        "n": 9
      }
    },
    "material": {
      "NA": {
        "mu": 99.09553844616278,
        "sigma": 47.618372886414,
        "n": 24
      },
      "glass": {
        "mu": 116.41487615869353,
        "sigma": 0.3455024426544337,
        "n": 3
      },
      "wood": {
        "mu": 111.76070525991304,
        "sigma": 1.415459307822358,
        "n": 3
      },
      "gypsum": {
        "mu": 113.20899322192751,
        "sigma": 1.0813057758937958,
        "n": 3
      }
    },
    "incidence_angle_bin": {
      "NA": {
        "mu": 123.00595918184662,
        "sigma": 0.0,
        "n": 6
      },
      "[40,60)": {
        "mu": 91.39782553550253,
        "sigma": 49.4647411916676,
        "n": 20
      },
      "[60,90)": {
        "mu": 118.90807027442202,
        "sigma": 4.6312912470939755,
        "n": 6
      },
      "[20,40)": {
        "mu": 123.00595918184662,
        "sigma": 0.0,
        "n": 1
      }
    },
    "surface_id_pattern": {
      "none": {
        "mu": 123.00595918184662,
        "sigma": 0.0,
        "n": 6
      },
      "1": {
        "mu": 118.40040869767898,
        "sigma": 4.984803277975996,
        "n": 18
      },
      "2-1": {
        "mu": 51.27469697479512,
        "sigma": 59.41467169417227,
        "n": 8
      },
      "1-2": {
        "mu": 123.00595918184663,
        "sigma": 0.0,
        "n": 1
      }
    }
  },
  "frequency_slope_models": {
    "parity": {
      "even": {
        "mu0_db": 84.74928600475253,
        "mu1_db_per_hz": -2.6485567569709933e-23,
        "fc_hz": 8000000000.0,
        "num_points": 4,
        "subband_centers_hz": [
          6476190476.190476,
          7492063492.063492,
          8507936507.936507,
          9523809523.809523
        ],
        "subband_mu_db": [
          84.7492860047525,
          84.7492860047525,
          84.7492860047525,
          84.7492860047525
        ]
      },
      "odd": {
        "mu0_db": 118.40040869767907,
        "mu1_db_per_hz": -3.993956866227143e-23,
        "fc_hz": 8000000000.0,
        "num_points": 4,
        "subband_centers_hz": [
          6476190476.190476,
          7492063492.063492,
          8507936507.936507,
          9523809523.809523
        ],
        "subband_mu_db": [
          118.40040869767898,
          118.40040869767898,
          118.40040869767898,
          118.40040869767898
        ]
      }
    },
    "material": {
      "NA": {
        "mu0_db": 99.09553844616282,
        "mu1_db_per_hz": -3.3153517680533955e-23,
        "fc_hz": 8000000000.0,
        "num_points": 4,
        "subband_centers_hz": [
          6476190476.190476,
          7492063492.063492,
          8507936507.936507,
          9523809523.809523
        ],
        "subband_mu_db": [
          99.09553844616278,
          99.09553844616278,
          99.09553844616278,
          99.09553844616278
        ]
      },
      "glass": {
        "mu0_db": 116.4148761586936,
        "mu1_db_per_hz": -4.313237383878912e-23,
        "fc_hz": 8000000000.0,
        "num_points": 4,
        "subband_centers_hz": [
          6476190476.190476,
          7492063492.063492,
          8507936507.936507,
          9523809523.809523
        ],
        "subband_mu_db": [
          116.41487615869353,
          116.41487615869353,
          116.41487615869353,
          116.41487615869353
        ]
      },
      "wood": {
        "mu0_db": 111.76070525991308,
        "mu1_db_per_hz": -4.402313245626272e-23,
        "fc_hz": 8000000000.0,
        "num_points": 4,
        "subband_centers_hz": [
          6476190476.190476,
          7492063492.063492,
          8507936507.936507,
          9523809523.809523
        ],
        "subband_mu_db": [
          111.76070525991304,
          111.76070525991304,
          111.76070525991304,
          111.76070525991304
        ]
      },
      "gypsum": {
        "mu0_db": 113.20899322192757,
        "mu1_db_per_hz": -4.462758938070422e-23,
        "fc_hz": 8000000000.0,
        "num_points": 4,
        "subband_centers_hz": [
          6476190476.190476,
          7492063492.063492,
          8507936507.936507,
          9523809523.809523
        ],
        "subband_mu_db": [
          113.20899322192751,
          113.20899322192751,
          113.20899322192751,
          113.20899322192751
        ]
      }
    }
  },
  "parity_probs": {
    "odd": 0.5454545454545454,
    "even": 0.45454545454545453
  }
}