{
  "matrix_source": "J",
  "num_paths_rt": 704,
  "num_samples_rt": 704,
  "subbands": [
    [
      0,
      16
    ],
    [
      16,
      32
    ],
    [
      32,
      48
    ],
    [
      48,
      64
    ]
  ],
  "subband_centers_hz": [
    6476190476.190476,
    7492063492.063492,
    8507936507.936507,
    9523809523.809523
  ],
  "condition_fits": {
    "parity": {
      "even": {
        "mu": 74.17529418348373,
        "sigma": 63.174650674356286,
        "n": 515
      },
      "odd": {
        "mu": 112.32010823538575,
        "sigma": 31.891017429636335,
        "n": 189
      }
    },
    "bounce_count": {
      "0": {
        "mu": 123.00595918184665,
        "sigma": 2.889152157948522e-14,
        "n": 31
      },
      "1": {
        "mu": 112.32010823538575,
        "sigma": 31.891017429636335,
        "n": 189
      },
      "2": {
        "mu": 71.04771026829933,
        "sigma": 63.90891751619718,
        "n": 484
      }
    },
    "material": {
      "NA": {
        "mu": 84.03542911807253,
        "sigma": 59.244259454545414,
        "n": 695
      },
      "glass": {
        "mu": 116.41487615869353,
        "sigma": 0.3455024426544337,
        "n": 3
      },
      "wood": {
        "mu": 111.76070525991304,
        "sigma": 1.415459307822358,
        "n": 3
      },
      "gypsum": {
        "mu": 113.20899322192751,
        "sigma": 1.0813057758937958,
        "n": 3
      }
    },
    "incidence_angle_bin": {
      "NA": {
        "mu": 123.00595918184665,
        "sigma": 2.889152157948522e-14,
        "n": 31
      },
      "[40,60)": {
        "mu": 56.05167579394775,
        "sigma": 64.95952390493554,
        "n": 375
      },
      "[60,90)": {
        "mu": 80.9308609760711,
        "sigma": 54.28024322124594,
        "n": 32
      },
      "[20,40)": {
        "mu": 123.0059591818466,
        "sigma": 1.6927740359548317e-14,
        "n": 75
      },
      "[0,20)": {
        "mu": 119.27214300388269,
        "sigma": 20.806101475774064,
        "n": 191
      }
    },
    "surface_id_pattern": {
      "none": {
        "mu": 123.00595918184665,
        "sigma": 2.889152157948522e-14,
        "n": 31
      },
      "1": {
        "mu": 118.40040869767898,
        "sigma": 4.984803277975996,
        "n": 18
      },
      "101": {
        "mu": 89.9365799879283,
        "sigma": 49.0478551958893,
        "n": 37
      },
      "2-1": {
        "mu": 13.49449476817892,
        "sigma": 35.88978505120445,
        "n": 33
      },
      "1-2": {
        "mu": 123.00595918184663,
        "sigma": 0.0,
        "n": 1
      },
      "201-202": {
        "mu": 9.613998443828748,
        "sigma": 3.3018564132349337,
        "n": 4
      },
      "301": {
        "mu": 43.766082516167714,
        "sigma": 59.58398993523661,
        "n": 9
      },
      "302-303": {
        "mu": 123.00595918184665,
        "sigma": 1.9459014222361976e-14,
        "n": 9
      },
      "303-302": {
        "mu": 123.00595918184665,
        "sigma": 2.3024216127992717e-14,
        "n": 9
      },
      "105": {
        "mu": 123.00595918184663,
        "sigma": 1.3911645316576381e-14,
        "n": 25
      },
      "106": {
        "mu": 123.00595918184663,
        "sigma": 1.3911645316576381e-14,
        "n": 25
      },
      "103": {
        "mu": 123.00595918184663,
        "sigma": 1.4503892858778863e-14,
        "n": 25
      },
      "105-103": {
        "mu": -5.017547135193252,
        "sigma": 9.051364500689985,
        "n": 10
      },
      "106-103": {
        "mu": -5.017547135193253,
        "sigma": 9.051364500689985,
        "n": 10
      },
      "101-105": {
        "mu": 16.232556988217382,
        "sigma": 54.84582157302117,
        "n": 25
      },
      "101-106": {
        "mu": 16.232556988217382,
        "sigma": 54.84582157302117,
        "n": 25
      },
      "105-106": {
        "mu": 123.00595918184665,
        "sigma": 2.528840130374332e-14,
        "n": 25
      },
      "106-105": {
        "mu": 123.00595918184665,
        "sigma": 2.528840130374332e-14,
        "n": 25
      },
      "101-103": {
        "mu": 123.00595918184662,
        "sigma": 7.839805737821884e-15,
        "n": 24
      },
      "104": {
        "mu": 123.00595918184663,
        "sigma": 1.4503892858778863e-14,
        "n": 25
      },
      "104-105": {
        "mu": -5.427592788773086,
        "sigma": 6.428484203323952,
        "n": 10
      },
      "104-106": {
        "mu": -5.42759278877309,
        "sigma": 6.428484203323954,
        "n": 10
      },
      "104-101": {
        "mu": 123.00595918184663,
        "sigma": 0.0,
        "n": 1
      },
      "104-103": {
        "mu": 123.00595918184665,
        "sigma": 2.4269654768146623e-14,
        "n": 25
      },
      "102": {
        "mu": 123.00595918184663,
        "sigma": 1.4503892858778863e-14,
        "n": 25
      },
      "105-102": {
        "mu": 13.338081894527745,
        "sigma": 56.884540014643015,
        "n": 25
      },
      "106-102": {
        "mu": 13.338081894527743,
        "sigma": 56.884540014643015,
        "n": 25
      },
      "102-103": {
        "mu": 123.00595918184662,
        "sigma": 8.987733679556355e-15,
        "n": 6
      },
      "104-102": {
        "mu": 123.00595918184665,
        "sigma": 2.7356845233715088e-14,
        "n": 18
      },
      "103-104": {
        "mu": 123.00595918184665,
        "sigma": 2.4269654768146623e-14,
        "n": 25
      },
      "101-102": {
        "mu": 123.00595918184665,
        "sigma": 2.4269654768146623e-14,
        "n": 25
      },
      "102-101": {
        "mu": 123.00595918184663,
        "sigma": 1.3911645316576381e-14,
        "n": 25
      },
      "101-104": {
        "mu": 123.00595918184665,
        "sigma": 2.5661788019512785e-14,
        "n": 24
      },
      "103-102": {
        "mu": 123.00595918184665,
        "sigma": 2.7356845233715088e-14,
        "n": 18
      },
      "105-104": {
        "mu": -5.017547135193252,
        "sigma": 9.051364500689985,
        "n": 10
      },
      "106-104": {
        "mu": -5.017547135193253,
        "sigma": 9.051364500689985,
        "n": 10
      },
      "103-105": {
        "mu": -5.427592788773086,
        "sigma": 6.428484203323952,
        "n": 10
      },
      "103-106": {
        "mu": -5.427592788773088,
        "sigma": 6.428484203323954,
        "n": 10
      },
      "102-104": {
        "mu": 123.00595918184662,
        "sigma": 8.987733679556355e-15,
        "n": 6
      },
      "103-101": {
        "mu": 123.00595918184663,
        "sigma": 0.0,
        "n": 1
      }
    }
  },
  "frequency_slope_models": {
    "parity": {
      "even": {
        "mu0_db": 74.17529418348377,
        "mu1_db_per_hz": -2.76668690275475e-23,
        "fc_hz": 8000000000.0,
        "num_points": 4,
        "subband_centers_hz": [
          6476190476.190476,
          7492063492.063492,
          8507936507.936507,
          9523809523.809523
        ],
        "subband_mu_db": [
          74.17529418348373,
          74.17529418348373,
          74.17529418348373,
          74.17529418348373
        ]
      },
      "odd": {
        "mu0_db": 112.32010823538582,
        "mu1_db_per_hz": -3.2262719291702647e-23,
        "fc_hz": 8000000000.0,
        "num_points": 4,
        "subband_centers_hz": [
          6476190476.190476,
          7492063492.063492,
          8507936507.936507,
          9523809523.809523
        ],
        "subband_mu_db": [
          112.32010823538575,
          112.32010823538575,
          112.32010823538575,
          112.32010823538575
        ]
      }
    },
    "material": {
      "NA": {
        "mu0_db": 84.03542911807256,
        "mu1_db_per_hz": -2.1132638704041085e-23,
        "fc_hz": 8000000000.0,
        "num_points": 4,
        "subband_centers_hz": [
          6476190476.190476,
          7492063492.063492,
          8507936507.936507,
          9523809523.809523
        ],