{
  "matrix_source": "A",
  "num_paths_rt": 704,
  "num_samples_rt": 704,
  "subbands": [
    [
      0,
      4
    ],
    [
      4,
      8
    ],
    [
      8,
      12
    ],
    [
      12,
      16
    ]
  ],
  "subband_centers_hz": [
    6400000000.0,
    7466666666.666666,
    8533333333.333333,
    9600000000.0
  ],
  "condition_fits": {
    "parity": {
      "even": {
        "mu": 20.600418200493262,
        "sigma": 23.5701145952314,
        "n": 515
      },
      "odd": {
        "mu": 28.446563240218243,
        "sigma": 19.158945303386556,
        "n": 189
      }
    },
    "bounce_count": {
      "0": {
        "mu": 28.982142098685763,
        "sigma": 3.3066122537108158e-06,
        "n": 31
      },
      "1": {
        "mu": 28.446563240218243,
        "sigma": 19.158945303386556,
        "n": 189
      },
      "2": {
        "mu": 20.063572248336303,
        "sigma": 24.215881744862344,
        "n": 484
      }
    },
    "material": {
      "NA": {
        "mu": 22.567028675954063,
        "sigma": 22.83780141080412,
        "n": 695
      },
      "glass": {
        "mu": 35.70955415754667,
        "sigma": 2.2809881092027924,
        "n": 3
      },
      "wood": {
        "mu": 32.02498857819686,
        "sigma": 1.521593068994649,
        "n": 3
      },
      "gypsum": {
        "mu": 32.7757558866576,
        "sigma": 1.7278728628534865,
        "n": 3
      }
    },
    "incidence_angle_bin": {
      "NA": {
        "mu": 28.982142098685763,
        "sigma": 3.3066122537108158e-06,
        "n": 31
      },
      "[40,60)": {
        "mu": 15.749249527103217,
        "sigma": 27.24851383719696,
        "n": 375
      },
      "[60,90)": {
        "mu": 13.570887459802806,
        "sigma": 11.253852030997047,
        "n": 32
      },
      "[20,40)": {
        "mu": 28.967239797374987,
        "sigma": 12.241526140631706,
        "n": 75
      },
      "[0,20)": {
        "mu": 34.42088724824868,
        "sigma": 10.046274480290933,
        "n": 191
      }
    },
    "surface_id_pattern": {
      "none": {
        "mu": 28.982142098685763,
        "sigma": 3.3066122537108158e-06,
        "n": 31
      },
      "1": {
        "mu": 31.242784663528425,
        "sigma": 2.825761605163291,
        "n": 18
      },
      "101": {
        "mu": 41.08284156065531,
        "sigma": 21.29354484069988,
        "n": 37
      },
      "2-1": {
        "mu": 4.930786748144898,
        "sigma": 10.50827860806919,
        "n": 33
      },
      "1-2": {
        "mu": 28.982137050455368,
        "sigma": 0.0,
        "n": 1
      },
      "201-202": {
        "mu": -2.7129067431805582,
        "sigma": 4.942571698372566,
        "n": 4
      },
      "301": {
        "mu": 28.982143469168804,
        "sigma": 2.511246483347351e-08,
        "n": 9
      },
      "302-303": {
        "mu": 28.982134864677075,
        "sigma": 2.5112410150208566e-08,
        "n": 9
      },
      "303-302": {
        "mu": 28.982134864677082,
        "sigma": 2.511240759303921e-08,
        "n": 9
      },
      "105": {
        "mu": 6.265111238399829,
        "sigma": 13.934498888297842,
        "n": 25
      },
      "106": {
        "mu": 6.265111238399829,
        "sigma": 13.934498888297842,
        "n": 25
      },
      "103": {
        "mu": 28.982131336546562,
        "sigma": 6.662565991760518e-06,
        "n": 25
      },
      "105-103": {
        "mu": -5.016676923629413,
        "sigma": 9.047860573393688,
        "n": 10
      },
      "106-103": {
        "mu": -5.016676923629414,
        "sigma": 9.047860573393693,
        "n": 10
      },
      "101-105": {
        "mu": 2.7313828807149223,
        "sigma": 27.27448191782823,
        "n": 25
      },
      "101-106": {
        "mu": 2.7313828807149205,
        "sigma": 27.274481917828233,
        "n": 25
      },
      "105-106": {
        "mu": 28.982136355822963,
        "sigma": 2.4143055726549875e-06,
        "n": 25
      },
      "106-105": {
        "mu": 28.982136355822966,
        "sigma": 2.4143055726549875e-06,
        "n": 25
      },
      "101-103": {
        "mu": 52.05265857912766,
        "sigma": 1.6586465760981828,
        "n": 24
      },
      "104": {
        "mu": 28.98213133654656,
        "sigma": 6.662565991760518e-06,
        "n": 25
      },
      "104-105": {
        "mu": -5.425471268811077,
        "sigma": 6.425307742788162,
        "n": 10
      },
      "104-106": {
        "mu": -5.425471268811081,
        "sigma": 6.425307742788166,
        "n": 10
      },
      "104-101": {
        "mu": 51.16628624645712,
        "sigma": 0.0,
        "n": 1
      },
      "104-103": {
        "mu": 28.98209691879143,
        "sigma": 1.2651878325715427e-05,
        "n": 25
      },
      "102": {
        "mu": 50.830550829746024,
        "sigma": 1.2387207271396274,
        "n": 25
      },
      "105-102": {
        "mu": -0.47289213454908635,
        "sigma": 27.76086088475674,
        "n": 25
      },
      "106-102": {
        "mu": -0.47289213454908746,
        "sigma": 27.76086088475674,
        "n": 25
      },
      "102-103": {
        "mu": 49.54570283069949,
        "sigma": 0.9226954667816583,
        "n": 6
      },
      "104-102": {
        "mu": 49.17448947159136,
        "sigma": 1.0742601433344707,
        "n": 18
      },
      "103-104": {
        "mu": 28.982096918791434,
        "sigma": 1.2651878325715425e-05,
        "n": 25
      },
      "101-102": {
        "mu": 28.982096201752466,
        "sigma": 1.0705809224585194e-05,
        "n": 25
      },
      "102-101": {
        "mu": 28.98204600968566,
        "sigma": 1.5223754150524718e-05,
        "n": 25
      },
      "101-104": {
        "mu": 52.05265857912766,
        "sigma": 1.6586465760981828,
        "n": 24
      },
      "103-102": {
        "mu": 49.17448947159135,
        "sigma": 1.0742601433344707,
        "n": 18
      },
      "105-104": {
        "mu": -5.016676923629415,
        "sigma": 9.047860573393693,
        "n": 10
      },
      "106-104": {
        "mu": -5.016676923629413,
        "sigma": 9.047860573393688,
        "n": 10
      },
      "103-105": {
        "mu": -5.425471268811077,
        "sigma": 6.4253077427881635,
        "n": 10
      },
      "103-106": {
        "mu": -5.425471268811082,
        "sigma": 6.425307742788164,
        "n": 10
      },
      "102-104": {
        "mu": 49.54570283069949,
        "sigma": 0.9226954667816583,
        "n": 6
      },
      "103-101": {
        "mu": 51.16628624645712,
        "sigma": 0.0,
        "n": 1
      }
    }
  },
  "frequency_slope_models": {
    "parity": {
      "even": {
        "mu0_db": 20.554317378873005,
        "mu1_db_per_hz": -2.5299128997432517e-10,
        "fc_hz": 8000000000.0,
        "num_points": 4,
        "subband_centers_hz": [
          6400000000.0,
          7466666666.666666,
          8533333333.333333,
          9600000000.0
        ],
        "subband_mu_db": [
          20.977935001980434,
          20.6694196325725,
          20.402546882014782,
          20.167367998924306
        ]
      },
      "odd": {
        "mu0_db": 28.39333477032881,
        "mu1_db_per_hz": -2.9210565370654896e-10,
        "fc_hz": 8000000000.0,
        "num_points": 4,
        "subband_centers_hz": [
          6400000000.0,
          7466666666.666666,
          8533333333.333333,
          9600000000.0
        ],
        "subband_mu_db": [
          28.88244678158117,
          28.526232799209325,
          28.218099498578923,
          27.94656000194581
        ]
      }
    },
    "material": {
      "NA": {
        "mu0_db": 22.518392891598985,
        "mu1_db_per_hz": -2.669033454034454e-10,
        "fc_hz": 8000000000.0,
        "num_points": 4,
        "subband_centers_hz": [
          6400000000.0,
          7466666666.666666,
          8533333333.333333,
          9600000000.0
        ],