{
  "xpd_floor_db": 24.93483769676745,
  "delta_floor_db": 0.6107424330369078,
  "p5_db": 24.371677567835782,
  "p95_db": 25.593162433909598,
  "count": 30,
  "method": "p5_p95"
}