plot_id,series,scenario_id,case_id,link_id,x,y,data,meta
P1-2,observed,,,,low,-28.606592111400158,-28.606592111400158,
P1-2,conditional,,,,low,-28.699104423790168,-28.699104423790168,
P1-2,constant,,,,low,-29.682663797987928,-29.682663797987928,
P1-2,observed,,,,mid,-31.668156093649387,-31.668156093649387,
P1-2,conditional,,,,mid,-29.485927400745105,-29.485927400745105,
P1-2,constant,,,,mid,-29.682663797987928,-29.682663797987928,
P1-2,observed,,,,high,-31.225834015395108,-31.225834015395108,
P1-2,conditional,,,,high,-30.969324148223983,-30.969324148223983,
P1-2,constant,,,,high,-29.682663797987928,-29.682663797987928,
