plot_id,series,scenario_id,case_id,link_id,x,y,data,meta
P1-2,observed,,,,low,-30.668186870658687,-30.668186870658687,
P1-2,conditional,,,,low,-28.62236784872667,-28.62236784872667,
P1-2,constant,,,,low,-29.02615285682576,-29.02615285682576,
P1-2,observed,,,,mid,-31.622251854152765,-31.622251854152765,
P1-2,conditional,,,,mid,-28.89682378046255,-28.89682378046255,
P1-2,constant,,,,mid,-29.02615285682576,-29.02615285682576,
P1-2,observed,,,,high,-27.73303404288674,-27.73303404288674,
P1-2,conditional,,,,high,-29.59104540855339,-29.59104540855339,
P1-2,constant,,,,high,-29.02615285682576,-29.02615285682576,
