plot_id,series,scenario_id,case_id,link_id,x,y,data,meta
P2-1,full,,,,G1,-32.934837404558046,-32.934837404558046,
P2-1,minimal,,,,G1,-32.84184715959139,-32.84184715959139,
P2-1,full,,,,G2,7.999999707790597,7.999999707790597,
P2-1,minimal,,,,G2,7.999999747126477,7.999999747126477,
P2-1,full,,,,L3,-0.03660641742944229,-0.03660641742944229,
P2-1,minimal,,,,L3,-0.019658793707714912,-0.019658793707714912,
P2-1,full,,,,R1,6.233479134680779,6.233479134680779,
P2-1,minimal,,,,R1,6.0880555405718315,6.0880555405718315,
