plot_id,series,scenario_id,case_id,link_id,x,y,data,meta
P2-1,full,,,,G1,-32.934837404558046,-32.934837404558046,
P2-1,minimal,,,,G1,-33.046998588409224,-33.046998588409224,
P2-1,full,,,,G2,7.999999707790597,7.999999707790597,
P2-1,minimal,,,,G2,7.999999747126477,7.999999747126477,
P2-1,full,,,,L3,-0.2532816868699786,-0.2532816868699786,
P2-1,minimal,,,,L3,-0.28367028469275674,-0.28367028469275674,
P2-1,full,,,,R1,6.233479134680779,6.233479134680779,
P2-1,minimal,,,,R1,6.836030106614993,6.836030106614993,
